<?xml version="1.0" encoding="utf-8"?>
<annotations>
  <version>1.1</version>
  <meta>
    <job>
      <id>684821</id>
      <size>10</size>
      <mode>annotation</mode>
      <overlap>0</overlap>
      <bugtracker></bugtracker>
      <created>2024-04-05 13:05:36.750097+00:00</created>
      <updated>2024-04-05 13:52:22.630851+00:00</updated>
      <subset>default</subset>
      <start_frame>0</start_frame>
      <stop_frame>9</stop_frame>
      <frame_filter></frame_filter>
      <segments>
        <segment>
          <id>686272</id>
          <start>0</start>
          <stop>9</stop>
          <url>https://app.cvat.ai/api/jobs/684821</url>
        </segment>
      </segments>
      <owner>
        <username>RyanChen88</username>
        <email>1497400370@qq.com</email>
      </owner>
      <assignee></assignee>
      <labels>
        <label>
          <name>crop</name>
          <color>#7199cd</color>
          <type>any</type>
          <attributes>
          </attributes>
        </label>
        <label>
          <name>weed</name>
          <color>#139cb5</color>
          <type>any</type>
          <attributes>
          </attributes>
        </label>
      </labels>
    </job>
    <dumped>2024-04-05 13:54:48.500191+00:00</dumped>
  </meta>
  <image id="0" name="tile_1280_2816.tif" width="256" height="256">
    <mask label="weed" source="semi-auto" occluded="0" rle="23, 5, 30, 21, 25, 26, 20, 29, 17, 31, 16, 32, 15, 34, 13, 36, 11, 38, 10, 40, 8, 46, 2, 143, 1, 45, 3, 44, 5, 41, 10, 36, 13, 32, 18, 29, 19, 28, 21, 26, 26, 21, 28, 17, 32, 9, 40, 4, 45, 1, 31" left="147" top="134" width="48" height="27" z_order="0">
    </mask>
    <mask label="weed" source="semi-auto" occluded="0" rle="9, 1, 14, 7, 10, 10, 6, 14, 3, 16, 2, 16, 1, 17, 1, 16, 2, 15, 3, 14, 3, 14, 5, 13, 8, 9, 5" left="92" top="118" width="18" height="13" z_order="0">
    </mask>
    <mask label="weed" source="semi-auto" occluded="0" rle="3, 7, 11, 10, 9, 14, 5, 15, 3, 17, 2, 17, 1, 76, 2, 16, 5, 12, 8, 9, 10, 8, 14, 3, 8" left="182" top="203" width="19" height="15" z_order="0">
    </mask>
    <mask label="weed" source="semi-auto" occluded="0" rle="14, 1, 12, 3, 10, 5, 9, 6, 6, 9, 4, 11, 3, 12, 3, 12, 2, 13, 2, 13, 1, 74, 4, 11, 7, 8, 7, 8, 8, 7, 8, 7, 12, 3" left="241" top="81" width="15" height="21" z_order="0">
    </mask>
    <mask label="weed" source="semi-auto" occluded="0" rle="13, 3, 17, 5, 11, 12, 9, 15, 6, 17, 4, 18, 4, 18, 3, 19, 3, 19, 3, 19, 2, 19, 3, 20, 2, 20, 2, 20, 2, 20, 3, 20, 2, 21, 2, 20, 3, 18, 5, 16, 2" left="193" top="15" width="22" height="20" z_order="0">
    </mask>
    <mask label="weed" source="semi-auto" occluded="0" rle="5, 3, 4, 4, 1, 22, 1, 7, 1, 7, 1, 6, 2, 6, 2, 5, 3, 5, 3, 4, 4, 3, 5" left="0" top="70" width="8" height="13" z_order="0">
    </mask>
    <mask label="weed" source="semi-auto" occluded="0" rle="8, 5, 20, 6, 18, 8, 16, 10, 15, 11, 13, 16, 7, 19, 5, 20, 4, 22, 3, 21, 4, 21, 4, 21, 4, 21, 4, 21, 4, 21, 4, 21, 3, 22, 3, 23, 3, 3, 1, 18, 3, 22, 4, 2, 1, 19, 4, 1, 1, 1, 3, 15, 10, 15, 10, 15, 10, 16, 11, 14" left="91" top="177" width="25" height="26" z_order="0">
    </mask>
    <mask label="weed" source="semi-auto" occluded="0" rle="2, 12, 2, 14, 1, 44, 1, 14, 1, 14, 2, 11, 9, 1, 7" left="233" top="240" width="15" height="9" z_order="0">
    </mask>
    <mask label="weed" source="semi-auto" occluded="0" rle="22, 8, 30, 16, 15, 26, 11, 30, 8, 33, 5, 36, 1, 79" left="150" top="248" width="40" height="8" z_order="0">
    </mask>
    <polygon label="weed" source="manual" occluded="0" points="31.96,99.43;48.20,101.85;48.89,108.76;46.12,115.68;42.84,120.51;35.41,119.82;30.23,119.31" z_order="0">
    </polygon>
    <polygon label="weed" source="manual" occluded="0" points="41.40,144.48;53.88,144.72;57.36,150.12;54.60,152.28;50.40,153.84;47.04,153.36;44.04,153.24;41.76,153.12" z_order="0">
    </polygon>
    <polygon label="weed" source="manual" occluded="0" points="41.34,222.43;55.16,227.10;56.37,236.77;52.92,242.13;46.69,245.24;43.93,245.59;40.47,240.58;39.78,234.53;38.57,228.65;38.40,226.93" z_order="0">
    </polygon>
    <polygon label="weed" source="manual" occluded="0" points="94.73,74.00;108.38,77.28;115.12,82.81;112.36,85.23;108.04,87.13;98.36,86.09;92.83,86.27;79.35,80.56" z_order="0">
    </polygon>
    <polygon label="weed" source="manual" occluded="0" points="96.72,101.04;119.53,102.42;117.11,106.57;104.50,106.92;95.34,106.22;92.05,102.94" z_order="0">
    </polygon>
    <polygon label="weed" source="manual" occluded="0" points="101.60,215.46;106.37,222.09;108.23,226.65;106.57,231.63;105.33,233.08;102.43,231.84;100.14,228.52;99.11,222.92;97.86,220.85" z_order="0">
    </polygon>
    <polygon label="weed" source="manual" occluded="0" points="2.74,3.03;102.47,3.03;134.70,3.90;164.58,4.23;171.15,18.56;57.08,16.77;26.62,13.78;15.28,14.08" z_order="0">
    </polygon>
    <polygon label="crop" source="manual" occluded="0" points="225.80,123.66;256.00,127.87;256.00,133.01;254.16,139.13;246.06,142.44;238.32,144.29;221.38,144.29;206.28,142.08;204.44,135.45;201.49,135.81" z_order="0">
    </polygon>
    <polygon label="crop" source="manual" occluded="0" points="215.49,149.44;255.27,150.55;254.16,164.91;252.32,183.33;253.80,206.17;254.53,222.38;253.43,231.22;247.17,231.95;234.27,233.06;228.75,233.43;217.70,232.69;216.59,226.06;212.91,208.01;198.91,194.75;198.91,194.75;191.91,193.28;176.44,191.80;163.92,193.64;159.50,197.70;149.55,188.12;143.29,184.80;134.82,182.96;124.14,186.65;118.98,185.17" z_order="0">
    </polygon>
    <polygon label="crop" source="manual" occluded="0" points="134.45,196.22;160.24,201.01;167.60,209.48;173.50,220.53;180.49,225.69;198.54,227.53;211.80,236.37;215.49,242.27;210.70,247.05;205.17,248.16;191.91,245.21;169.81,239.32;152.50,237.85;144.40,237.11;138.87,235.64;136.29,233.79;128.56,231.22" z_order="0">
    </polygon>
    <polygon label="crop" source="manual" occluded="0" points="2.58,152.76;24.32,156.44;47.52,167.12;68.52,178.17;77.73,198.06;79.94,210.59;78.09,215.75;71.83,220.17;64.47,221.64;53.78,220.17;37.58,217.22;26.16,217.22;17.32,220.53;14.37,231.22;13.63,239.69;6.64,241.53;1.85,241.53;2.58,241.53" z_order="0">
    </polygon>
    <polygon label="crop" source="manual" occluded="0" points="127.82,43.36;179.02,45.94;209.59,47.04;244.22,44.10;254.90,58.83;253.43,68.04;252.32,72.83;244.96,76.14;234.64,79.46;204.44,63.99;185.65,60.67;161.34,58.83;142.92,56.25;124.87,55.15" z_order="0">
    </polygon>
  </image>
  <image id="1" name="tile_1536_3584.tif" width="256" height="256">
    <mask label="weed" source="semi-auto" occluded="0" rle="15, 10, 17, 15, 13, 17, 8, 21, 3, 26, 2, 26, 2, 27, 1, 28, 1, 28, 1, 27, 2, 27, 2, 27, 2, 26, 3, 25, 4, 3, 10, 11, 22, 5, 7" left="44" top="134" width="29" height="16" z_order="0">
    </mask>
    <mask label="weed" source="semi-auto" occluded="0" rle="7, 2, 14, 8, 8, 14, 3, 16, 1, 17, 1, 17, 1, 16, 1, 16, 2, 16, 3, 15, 6, 11, 3" left="188" top="141" width="18" height="11" z_order="0">
    </mask>
    <mask label="weed" source="semi-auto" occluded="0" rle="0, 3, 8, 5, 6, 7, 4, 8, 3, 8, 3, 8, 3, 8, 3, 8, 3, 9, 2, 9, 2, 9, 2, 8, 3, 7, 4, 6, 5, 6, 5, 5, 6, 5, 7, 1, 430, 1, 7, 5, 6, 6, 5, 9, 2, 10, 1, 21, 1, 9, 2, 9, 2, 8, 3, 8, 3" left="0" top="131" width="11" height="67" z_order="0">
    </mask>
    <mask label="weed" source="semi-auto" occluded="0" rle="16, 4, 15, 14, 11, 18, 8, 19, 7, 21, 5, 22, 4, 24, 2, 25, 2, 79, 1, 26, 1, 26, 1, 26, 3, 24, 3, 23, 5, 19, 8, 17, 10, 18, 9, 18, 9, 18, 9, 17, 10, 16, 15, 5, 15" left="157" top="76" width="27" height="24" z_order="0">
    </mask>
    <polygon label="weed" source="manual" occluded="0" points="143.95,7.69;164.16,9.74;181.04,13.57;201.76,14.60;204.32,18.69;203.81,24.83;200.48,29.18;198.70,37.10;196.40,44.30;191.10,47.00;182.58,44.27;172.10,43.40;162.30,38.00;150.40,35.30;141.39,25.34;134.49,17.67;131.93,14.34" z_order="0">
    </polygon>
    <polygon label="weed" source="manual" occluded="0" points="37.28,81.19;45.16,81.83;47.30,85.66;47.30,87.37;44.95,88.65;40.26,89.71;37.70,89.08;35.57,87.16;32.37,85.03;32.16,84.39" z_order="0">
    </polygon>
    <polygon label="weed" source="manual" occluded="0" points="29.60,31.52;46.87,33.01;45.80,34.72;40.69,38.98;33.44,41.33;29.18,46.87;27.47,44.52;26.83,40.69;26.62,37.28" z_order="0">
    </polygon>
    <polygon label="weed" source="manual" occluded="0" points="233.15,4.60;245.09,6.09;249.35,10.14;248.50,13.98;245.30,16.75;242.74,18.88;238.48,21.65;233.79,23.36" z_order="0">
    </polygon>
    <polygon label="crop" source="manual" occluded="0" points="0.19,157.10;157.55,147.38;171.25,165.50;168.15,190.70;169.92,212.80;166.39,231.36;154.45,246.39;123.07,252.14;99.64,249.93;45.27,239.76;29.36,219.87" z_order="0">
    </polygon>
    <polygon label="crop" source="manual" occluded="0" points="172.66,161.26;256.00,155.97;256.00,158.27;250.46,221.37;256.00,244.82;256.00,245.93;251.78,250.99;239.85,251.87;219.52,250.10;201.84,250.55;180.62,250.99;170.89,250.99;170.45,249.66" z_order="0">
    </polygon>
    <polygon label="crop" source="manual" occluded="0" points="2.93,101.59;122.27,76.83;148.79,101.59;154.10,119.27;150.56,131.64;140.84,133.41;117.85,135.18;101.06,132.09;82.93,129.88;72.77,127.22;52.88,126.34;35.64,132.97;33.87,142.25;28.57,155.07;16.63,148.44" z_order="0">
    </polygon>
    <polygon label="crop" source="manual" occluded="0" points="3.81,50.31;90.45,50.31;83.38,66.23;74.09,75.95;39.17,74.18;20.61,82.58;18.40,94.07;6.02,93.19" z_order="0">
    </polygon>
  </image>
  <image id="2" name="tile_1792_2560.tif" width="256" height="256">
    <mask label="weed" source="semi-auto" occluded="0" rle="12, 5, 26, 8, 24, 9, 22, 10, 21, 12, 18, 15, 16, 17, 14, 19, 12, 21, 10, 23, 7, 29, 2, 31, 1, 31, 1, 69, 5, 24, 24, 4, 2" left="95" top="18" width="32" height="17" z_order="0">
    </mask>
    <mask label="weed" source="semi-auto" occluded="0" rle="8, 1, 14, 11, 10, 16, 6, 19, 3, 20, 2, 86, 3, 16, 7, 14, 9, 12, 7" left="194" top="33" width="22" height="12" z_order="0">
    </mask>
    <mask label="weed" source="semi-auto" occluded="0" rle="0, 10, 3, 12, 1, 26, 1, 11, 3, 10, 6, 7, 8, 4, 2" left="240" top="54" width="13" height="8" z_order="0">
    </mask>
    <polygon label="weed" source="manual" occluded="0" points="145.47,166.67;182.45,167.53;179.01,176.99;176.86,185.59;166.97,187.74;160.95,189.03;150.63,189.46;144.18,186.45;142.03,183.44;139.45,178.71" z_order="0">
    </polygon>
    <polygon label="weed" source="manual" occluded="0" points="238.35,218.27;220.72,220.42;214.70,213.54;212.55,206.66;203.09,216.12;200.51,226.01;211.69,229.45;221.15,230.31;228.46,232.46;237.06,231.17;243.51,226.87" z_order="0">
    </polygon>
    <polygon label="weed" source="manual" occluded="0" points="223.30,176.99;239.64,186.02;252.97,187.74;251.68,195.05;250.39,197.63;245.23,201.93;241.79,202.79;235.77,203.65;225.88,195.91;224.59,195.91;218.57,191.18" z_order="0">
    </polygon>
    <polygon label="weed" source="manual" occluded="0" points="109.99,167.82;126.83,167.11;127.55,177.14;127.55,181.08;123.25,182.87;117.52,182.87;112.50,181.44;106.77,178.93;106.05,178.57" z_order="0">
    </polygon>
    <mask label="weed" source="semi-auto" occluded="0" rle="0, 53, 1, 16, 2, 15, 3, 14, 4, 12, 7, 4, 4, 2, 7" left="114" top="0" width="18" height="8" z_order="0">
    </mask>
    <polygon label="crop" source="manual" occluded="0" points="1.24,2.14;103.36,1.54;99.78,16.17;93.81,23.64;84.55,35.88;85.15,42.75;80.07,46.33;71.11,48.72;58.87,52.30;50.81,52.90;39.46,51.71;30.51,49.62;23.64,46.93;13.19,44.54;3.33,44.54" z_order="0">
    </polygon>
    <polygon label="crop" source="manual" occluded="0" points="146.30,1.48;226.03,6.26;219.16,19.99;206.92,25.67;191.09,29.55;183.93,37.61;182.13,52.84;189.00,62.10;175.56,62.40;159.44,62.99;146.00,61.20;134.96,59.41;124.80,56.42;120.62,50.75" z_order="0">
    </polygon>
    <polygon label="crop" source="manual" occluded="0" points="4.20,86.76;209.04,87.36;220.68,107.07;251.74,117.52;251.44,127.97;236.81,131.55;223.97,133.34;200.08,130.95;128.42,119.61;67.20,107.07;34.36,106.47;7.78,102.89" z_order="0">
    </polygon>
    <polygon label="crop" source="manual" occluded="0" points="226.36,33.91;240.69,42.87;233.82,61.68;232.93,76.31;226.95,79.89;218.29,76.61;210.23,72.43;201.27,67.65" z_order="0">
    </polygon>
    <polygon label="crop" source="manual" occluded="0" points="2.64,235.98;8.01,228.81;21.63,231.32;31.66,233.47;46.35,223.43;47.79,220.57;51.73,214.83;57.46,206.59;74.66,209.82;76.81,224.15;80.75,232.75;79.68,247.08;74.66,249.95;49.22,252.82;24.50,254.97;7.30,255.32;0.00,253.00;0.00,249.76" z_order="0">
    </polygon>
  </image>
  <image id="3" name="tile_2048_11520.tif" width="256" height="256">
    <mask label="weed" source="semi-auto" occluded="0" rle="0, 7, 2, 8, 1, 17, 1, 8, 1, 8, 1, 7, 2, 7, 2, 6, 3, 6, 3, 6, 3, 5, 4, 5, 4, 5, 4, 5, 4, 5, 4, 6, 3, 6, 3, 5, 4, 5, 4, 4, 5, 3, 6" left="0" top="126" width="9" height="22" z_order="0">
    </mask>
    <mask label="weed" source="semi-auto" occluded="0" rle="3, 7, 9, 10, 3, 86, 1, 15, 3, 13, 4, 12, 7, 8, 6" left="47" top="196" width="17" height="11" z_order="0">
    </mask>
    <mask label="weed" source="semi-auto" occluded="0" rle="4, 3, 5, 4, 4, 5, 4, 5, 3, 6, 3, 6, 3, 7, 1, 8, 1, 54, 1, 8, 1, 7, 2, 7, 2, 6, 3, 5, 5, 4, 5, 3, 4" left="103" top="151" width="9" height="21" z_order="0">
    </mask>
    <polygon label="weed" source="manual" occluded="0" points="31.66,75.02;53.16,80.75;61.76,72.51;80.39,72.87;95.80,80.39;96.16,83.98;90.43,92.58;88.28,96.16;83.98,100.82;75.74,102.25;61.76,96.52;47.40,94.70;38.83,88.99;32.38,88.28" z_order="0">
    </polygon>
    <polygon label="weed" source="manual" occluded="0" points="96.16,85.05;111.93,90.79;108.34,96.52;98.31,98.67;93.29,99.74;87.60,99.70" z_order="0">
    </polygon>
    <polygon label="weed" source="manual" occluded="0" points="150.62,42.77;162.45,42.41;164.24,51.37;159.94,56.03;159.22,56.39;156.36,57.10;148.47,53.16;148.47,51.73" z_order="0">
    </polygon>
    <polygon label="weed" source="manual" occluded="0" points="144.53,86.84;154.21,87.56;154.21,91.50;152.77,94.37;148.83,94.37;140.59,95.09;125.90,95.80" z_order="0">
    </polygon>
    <polygon label="weed" source="manual" occluded="0" points="24.50,189.68;31.30,194.34;31.66,197.56;28.80,201.15;26.65,201.15;22.35,199.71" z_order="0">
    </polygon>
    <polygon label="weed" source="manual" occluded="0" points="168.90,27.72;183.59,30.95;185.38,38.11;182.16,42.05;173.20,40.62;167.82,37.40" z_order="0">
    </polygon>
    <polygon label="crop" source="manual" occluded="0" points="223.36,58.18;187.17,60.69;181.80,85.77;180.72,103.68;176.78,107.98;169.97,113.72;152.77,115.15;135.58,114.79;119.09,134.14;140.95,148.83;186.46,155.28;195.77,176.42;206.52,194.70;232.32,209.03;252.75,195.06;256.00,161.32;256.00,146.96;250.24,86.13;252.03,59.97" z_order="0">
    </polygon>
    <polygon label="crop" source="manual" occluded="0" points="13.03,128.77;88.99,135.93;89.35,160.30;73.59,179.29;63.55,189.32;44.56,188.96;21.63,182.51;8.01,182.16;2.28,170.33" z_order="0">
    </polygon>
    <polygon label="crop" source="manual" occluded="0" points="15.18,231.96;99.38,231.25;91.50,246.30;72.87,250.60;46.00,248.09;19.48,245.22;4.79,244.15" z_order="0">
    </polygon>
    <polygon label="crop" source="manual" occluded="0" points="91.14,205.45;191.47,216.20;195.06,227.66;170.33,232.68;149.19,232.68;114.08,229.10;94.37,224.08;85.05,221.93" z_order="0">
    </polygon>
    <polygon label="crop" source="manual" occluded="0" points="86.13,182.51;178.21,190.04;168.90,200.43;154.21,205.45;97.59,198.28;79.68,199.00" z_order="0">
    </polygon>
    <polygon label="crop" source="manual" occluded="0" points="6.58,85.05;62.84,105.48;88.64,120.53;78.96,125.18;68.57,127.69;43.13,127.33;19.84,122.32;10.16,119.09" z_order="0">
    </polygon>
  </image>
  <image id="4" name="tile_2048_15104.tif" width="256" height="256">
    <mask label="weed" source="semi-auto" occluded="0" rle="14, 5, 14, 14, 12, 16, 10, 21, 6, 22, 4, 24, 2, 24, 2, 25, 2, 25, 1, 26, 1, 26, 1, 26, 1, 26, 2, 26, 1, 26, 1, 26, 1, 26, 2, 25, 5, 22, 7, 17, 12, 14, 20, 6, 5" left="19" top="160" width="27" height="22" z_order="0">
    </mask>
    <mask label="weed" source="semi-auto" occluded="0" rle="4, 7, 4, 8, 3, 9, 2, 35, 1, 10, 2, 10, 3, 7, 3" left="197" top="210" width="12" height="9" z_order="0">
    </mask>
    <mask label="weed" source="semi-auto" occluded="0" rle="14, 3, 15, 4, 2, 4, 7, 5, 1, 17, 1, 16, 1, 17, 1, 16, 2, 16, 2, 15, 4, 13, 5, 12, 7, 10, 11, 5, 15, 1, 10" left="41" top="94" width="18" height="14" z_order="0">
    </mask>
    <mask label="weed" source="semi-auto" occluded="0" rle="5, 6, 8, 9, 5, 11, 4, 12, 2, 13, 1, 14, 1, 74, 1, 14, 2, 12, 5, 11, 5, 10, 6, 9, 7, 8, 8, 6, 11, 3, 2" left="16" top="119" width="15" height="19" z_order="0">
    </mask>
    <mask label="weed" source="semi-auto" occluded="0" rle="3, 4, 8, 4, 7, 7, 4, 9, 2, 11, 1, 47, 1" left="199" top="135" width="12" height="9" z_order="0">
    </mask>
    <mask label="weed" source="semi-auto" occluded="0" rle="9, 1, 25, 10, 16, 17, 10, 19, 8, 20, 7, 22, 5, 24, 3, 27, 1, 27, 1, 27, 2, 27, 2, 26, 8, 10, 1, 8, 1" left="161" top="71" width="28" height="13" z_order="0">
    </mask>
    <mask label="weed" source="semi-auto" occluded="0" rle="6, 4, 5, 9, 2, 10, 1, 11, 1, 10, 1, 11, 1, 9, 3, 8, 4, 8, 4, 7, 5, 6, 7, 4, 8, 4, 8, 3, 9, 3, 9, 2, 9" left="8" top="98" width="12" height="16" z_order="0">
    </mask>
    <mask label="weed" source="semi-auto" occluded="0" rle="2, 7, 11, 10, 8, 12, 7, 13, 6, 14, 5, 14, 6, 13, 6, 14, 6, 14, 5, 15, 5, 14, 8, 12, 9, 11, 10, 9, 14, 3, 2" left="114" top="87" width="19" height="15" z_order="0">
    </mask>
    <mask label="weed" source="semi-auto" occluded="0" rle="8, 7, 10, 13, 4, 15, 1, 18, 1, 36, 1, 16, 4, 13, 6, 12, 8, 11, 11, 5, 9" left="46" top="186" width="19" height="11" z_order="0">
    </mask>
    <mask label="weed" source="semi-auto" occluded="0" rle="6, 1, 1, 1, 1, 1, 743, 1, 4, 2, 52, 12, 48, 15, 4, 1, 41, 22, 40, 23, 38, 25, 37, 25, 36, 27, 35, 28, 33, 30, 32, 30, 32, 31, 31, 32, 29, 33, 29, 34, 28, 34, 28, 34, 28, 35, 27, 35, 27, 35, 28, 38, 1, 1, 1, 1, 1, 1, 18, 38, 1, 1, 1, 5, 16, 38, 1, 18, 2, 2, 2, 56, 2, 2, 2, 60, 3, 59, 6, 7, 9, 40, 7, 2, 1, 2, 14, 36, 28, 5, 3, 26, 42, 20, 50, 12, 57, 5, 61, 1" left="194" top="140" width="62" height="45" z_order="0">
    </mask>
    <mask label="weed" source="semi-auto" occluded="0" rle="48, 2, 91, 5, 7, 24, 66, 1, 1, 5, 3, 41, 24, 2, 33, 59, 5, 21, 29, 88, 3, 1, 20, 98, 14, 102, 7, 109, 5, 110, 4, 110, 5, 109, 5, 109, 5, 110, 4, 110, 4, 111, 3, 111, 3, 111, 3, 110, 4, 108, 7, 99, 15, 95, 18, 94, 20, 92, 21, 91, 22, 69, 8, 14, 22, 67, 12, 10, 25, 66, 14, 8, 27, 63, 16, 7, 28, 61, 53, 56, 59, 53, 62, 51, 63, 49, 66, 32, 11, 2, 71, 6, 102" left="82" top="161" width="114" height="35" z_order="0">
    </mask>
    <polygon label="crop" source="manual" occluded="0" points="1.31,1.17;248.19,3.32;250.34,34.49;236.73,60.65;186.92,60.65;139.27,61.37;117.41,68.53;94.12,75.70;65.81,82.15;42.52,83.94;27.11,82.87;10.99,81.79" z_order="0">
    </polygon>
    <polygon label="crop" source="manual" occluded="0" points="40.01,115.83;179.40,98.27;196.24,130.88;188.71,145.93;181.19,153.10;135.68,152.38;112.03,155.96;94.48,153.81;66.17,152.74;50.76,153.46;38.58,154.53;33.56,154.17" z_order="0">
    </polygon>
    <polygon label="crop" source="manual" occluded="0" points="85.52,227.63;200.18,232.64;218.10,247.69;206.63,251.63;196.60,252.35;153.96,251.99;126.37,250.56;92.68,250.92;83.37,253.78" z_order="0">
    </polygon>
    <polygon label="crop" source="manual" occluded="0" points="195.52,64.23;255.36,62.44;256.00,68.29;256.00,126.41;252.49,140.91;251.42,153.46;247.12,160.26;238.88,154.53;222.40,144.14;216.66,128.73;203.76,116.55;197.31,107.23" z_order="0">
    </polygon>
    <polygon label="crop" source="manual" occluded="0" points="89.82,200.39;179.04,201.47;181.91,218.31;169.36,222.61;136.40,220.46;108.45,215.44;84.80,215.44" z_order="0">
    </polygon>
    <polygon label="crop" source="manual" occluded="0" points="212.36,182.84;253.21,186.78;256.00,211.88;256.00,229.29;249.99,244.47;246.04,249.13;236.01,248.77;224.55,239.09;217.38,230.85;215.95,230.14" z_order="0">
    </polygon>
  </image>
  <image id="5" name="tile_2048_5120.tif" width="256" height="256">
    <mask label="weed" source="semi-auto" occluded="0" rle="26, 1, 38, 4, 28, 2, 4, 14, 11, 29, 10, 31, 9, 32, 6, 35, 3, 37, 2, 38, 1, 119, 1, 39, 2, 37, 5, 35, 7, 32, 10, 28, 17, 23, 18, 22, 18, 22, 18, 21, 19, 21, 19, 21, 21, 6, 4, 1, 1, 6, 6" left="22" top="22" width="40" height="24" z_order="0">
    </mask>
    <mask label="weed" source="semi-auto" occluded="0" rle="9, 4, 44, 6, 41, 9, 39, 11, 37, 12, 36, 14, 34, 16, 32, 18, 31, 19, 29, 21, 28, 22, 13, 1, 13, 22, 7, 13, 7, 23, 4, 17, 6, 45, 4, 46, 3, 46, 5, 45, 10, 39, 20, 30, 21, 28, 21, 28, 21, 27, 21, 28, 21, 27, 21, 28, 21, 27, 24, 24, 26, 23, 27, 20, 29, 19, 30, 18, 37, 10, 10" left="155" top="93" width="49" height="32" z_order="0">
    </mask>
    <mask label="weed" source="semi-auto" occluded="0" rle="9, 7, 11, 11, 6, 13, 5, 14, 4, 15, 3, 16, 3, 16, 3, 16, 2, 17, 2, 17, 1, 104, 10, 8, 11, 7, 13, 10, 10, 3, 1, 1, 3, 1, 10, 3, 5, 1, 10, 1, 7, 1, 7" left="237" top="170" width="19" height="22" z_order="0">
    </mask>
    <polygon label="crop" source="manual" occluded="0" points="1.17,33.85;45.89,56.64;80.29,50.19;124.15,66.10;140.48,116.84;179.18,166.71;168.00,176.60;138.76,183.48;101.79,183.48;73.84,180.04;43.31,177.46;13.21,175.74;3.75,175.74" z_order="0">
    </polygon>
    <polygon label="crop" source="manual" occluded="0" points="3.02,180.52;202.96,196.42;217.15,231.68;205.54,243.29;162.54,251.89;145.34,253.18;81.28,251.03;38.28,250.17;11.62,248.88;2.16,247.16" z_order="0">
    </polygon>
    <polygon label="crop" source="manual" occluded="0" points="167.27,127.63;218.01,126.77;249.83,145.26;239.94,162.46;235.21,167.62;224.89,179.66;216.72,183.53;199.09,184.39;187.48,183.96" z_order="0">
    </polygon>
    <polygon label="weed" source="manual" occluded="0" points="76.98,24.43;131.58,29.16;172.43,32.60;175.87,50.23;175.01,51.95;170.71,54.53;148.35,57.11;139.75,57.11;118.68,52.81;86.44,39.91" z_order="0">
    </polygon>
    <polygon label="weed" source="manual" occluded="0" points="227.90,30.88;251.55,34.75;251.98,47.22;242.95,50.23;219.73,49.37;200.38,39.91;200.81,38.62" z_order="0">
    </polygon>
    <polygon label="crop" source="manual" occluded="0" points="183.18,47.22;244.67,54.96;253.27,91.94;248.97,110.00;240.80,119.46;230.91,119.46;209.41,104.84;187.05,89.79;160.82,79.47" z_order="0">
    </polygon>
  </image>
  <image id="6" name="tile_768_3072.tif" width="256" height="256">
    <mask label="weed" source="semi-auto" occluded="0" rle="8, 4, 33, 8, 30, 10, 5, 3, 20, 12, 1, 6, 18, 21, 17, 23, 15, 23, 15, 24, 14, 25, 13, 25, 13, 26, 12, 27, 11, 28, 9, 30, 7, 32, 5, 33, 4, 33, 5, 33, 5, 33, 4, 34, 4, 34, 3, 36, 2, 36, 2, 36, 2, 36, 2, 37, 3, 35, 4, 34, 6, 32, 7, 31, 7, 31, 7, 31, 8, 30, 8, 30, 10, 28, 10, 28, 11, 27, 11, 27, 11, 28, 11, 26, 14, 24, 14, 24, 14, 24, 15, 22, 16, 22, 16, 22, 17, 20, 17, 21, 18, 19, 19, 18, 20, 18, 20, 17, 22, 15, 23, 15, 23, 15, 23, 14, 25, 13, 25, 13, 26, 12, 26, 12, 27, 11, 27, 11, 27, 11, 28, 11, 27, 11, 28, 10, 28, 10, 28, 10, 28, 10, 28, 10, 29, 9, 29, 9, 29, 9, 29, 9, 29, 9, 29, 9, 29, 8, 30, 8, 30, 8, 31, 7, 31, 6, 32, 6, 33, 3, 11" left="170" top="151" width="38" height="83" z_order="0">
    </mask>
    <mask label="weed" source="semi-auto" occluded="0" rle="7, 3, 8, 7, 10, 5, 8, 7, 9, 6, 9, 6, 8, 7, 8, 7, 8, 7, 7, 8, 7, 8, 6, 10, 5, 10, 5, 10, 4, 12, 3, 13, 2, 14, 1, 14, 1, 14, 1, 29, 1, 14, 1, 14, 1, 14, 1, 14, 1, 14, 1, 13, 2, 12, 4, 10, 5, 8, 7, 5, 10, 3, 11" left="171" top="76" width="15" height="32" z_order="0">
    </mask>
    <mask label="weed" source="semi-auto" occluded="0" rle="5, 4, 9, 5, 7, 6, 5, 9, 3, 10, 3, 10, 3, 11, 2, 11, 2, 11, 2, 12, 1, 24, 1, 12, 2, 11, 2, 10, 3, 10, 2" left="72" top="240" width="13" height="16" z_order="0">
    </mask>
    <mask label="weed" source="semi-auto" occluded="0" rle="0, 5, 1, 1, 48, 10, 45, 11, 44, 9, 2, 1, 43, 7, 1, 1, 1, 1, 1, 1, 42, 6, 2, 1, 46, 7, 1, 1, 1, 1, 44, 5, 1, 1, 48, 5, 1, 1, 1, 1, 1, 1, 1, 1, 42, 5, 50, 7, 1, 1, 1, 1, 44, 5, 50, 5, 1, 1, 1, 1, 1, 1, 44, 3, 1, 1, 50, 5, 1, 1, 1, 1, 1, 1, 44, 3, 1, 1, 50, 3, 1, 1, 1, 1, 1, 1, 1, 1, 1, 1, 1, 1, 40, 2, 2, 1, 50, 3, 1, 1, 1, 1, 48, 2, 53, 1, 1, 1, 3, 1, 1, 1, 1, 1, 3, 1, 95, 1, 109, 1, 1, 1, 1, 1, 5, 1, 3, 1, 205, 1, 219, 1, 1319, 1, 1, 1, 1, 1, 50, 1, 164, 1, 1, 1, 1, 1, 50, 1, 54, 1, 1, 1, 52, 1, 54, 1, 1, 1, 1, 1, 50, 1, 54, 1, 1, 1, 1, 1, 50, 1, 3, 1, 50, 3, 1, 1, 25, 1, 24, 3, 1, 1, 50, 6, 49, 3, 1, 1, 50, 7, 48, 5, 50, 3, 1, 1, 50, 3, 1, 1, 50, 5, 1, 1, 48, 5, 50, 5, 50, 5, 50, 7, 1, 1, 1, 1, 44, 7, 1, 1, 46, 6, 49, 6, 49, 7, 1, 1, 1, 1, 44, 7, 1, 1, 46, 7, 48, 7, 1, 1, 46, 9, 1, 1, 3, 1, 40, 7, 1, 1, 46, 7, 1, 1, 46, 7, 1, 1, 46, 9, 1, 1, 44, 7, 1, 1, 46, 7, 48, 7, 48, 7, 1, 1, 1, 1, 44, 7, 1, 1, 46, 7, 48, 7, 48, 9, 1, 1, 44, 11, 44, 12, 43, 13, 42, 14, 41, 14, 41, 14, 41, 15, 40, 16, 2, 1, 3, 1, 3, 1, 28, 17, 38, 18, 37, 18, 37, 21, 1, 1, 3, 1, 28, 23, 32, 23, 32, 25, 30, 25, 1, 1, 1, 1, 1, 1, 24, 25, 1, 1, 1, 1, 26, 25, 30, 25, 3, 1, 26, 27, 1, 1, 26, 27, 1, 1, 26, 27, 28, 27, 1, 1, 26, 31, 24, 31, 24, 30, 25, 30, 25, 31, 24, 31, 24, 30, 25, 30, 25, 31, 24, 31, 24, 31, 24, 31, 24, 31, 24, 31, 24, 31, 24, 31, 24, 32, 23, 31, 24, 31, 24, 31, 24, 31, 24, 31, 24, 31, 24, 32, 23, 33, 22, 33, 22, 33, 22, 34, 21, 35, 20, 35, 20, 36, 19, 38, 17, 39, 16, 40, 15, 40, 15, 41, 14, 41, 14, 41, 14, 41, 14, 41, 14, 41, 14, 41, 14, 41, 14, 41, 14, 41, 14, 41, 14, 41, 14, 41, 14, 42, 13, 41, 14, 42, 13, 42, 13, 42, 13, 42, 13, 42, 13, 42, 13, 42, 13, 43, 12, 42, 13, 42, 13, 43, 12, 43, 12, 43, 12, 43, 12, 44, 11, 44, 11, 44, 11, 44, 11, 44, 11, 44, 11, 44, 11, 43, 12, 44, 11, 44, 11, 44, 11, 44, 11, 44, 11, 45, 10, 44, 11, 45, 10, 46, 9, 47, 8, 47, 8, 48, 7, 48, 7, 49, 6, 48, 7, 48, 7, 49, 6, 49, 6, 50, 5, 50, 5, 50, 5, 51, 4, 50, 5, 51, 4, 51, 4, 52, 3, 52, 3, 53, 2, 53, 2, 53, 2, 53, 2, 53, 2, 53, 2, 53, 2, 53, 2, 53, 2, 53, 2, 53, 2, 54, 1, 53, 2, 54, 1, 53, 2, 54, 1, 53, 2, 53, 2, 51, 1, 1, 2, 54, 1, 53, 1, 54, 2, 51, 1, 1, 2, 108, 1, 54, 2, 47, 1, 3, 1, 1, 2, 218, 1, 109, 1, 1" left="0" top="0" width="55" height="256" z_order="0">
    </mask>
    <mask label="weed" source="semi-auto" occluded="0" rle="4, 3, 8, 7, 7, 9, 5, 10, 4, 11, 3, 12, 2, 12, 2, 12, 2, 12, 2, 166, 1, 13, 1, 12, 2, 12, 3, 10, 4, 10, 4, 9, 5, 7, 7, 6, 9, 2, 10" left="74" top="1" width="14" height="30" z_order="0">
    </mask>
    <mask label="weed" source="semi-auto" occluded="0" rle="18, 1, 21, 7, 18, 9, 17, 10, 8, 18, 4, 23, 3, 23, 3, 23, 3, 24, 2, 24, 2, 24, 2, 25, 1, 25, 1, 25, 1, 25, 1, 25, 1, 24, 2, 24, 2, 23, 2, 23, 3, 23, 3, 23, 4, 22, 3, 23, 3, 22, 4" left="130" top="231" width="26" height="25" z_order="0">
    </mask>
    <polygon label="weed" source="manual" occluded="0" points="138.87,11.81;151.05,19.34;147.11,47.29;149.62,58.39;147.47,72.01;145.32,71.29;137.44,60.90;137.44,60.90" z_order="0">
    </polygon>
    <polygon label="weed" source="manual" occluded="0" points="132.42,134.71;146.04,135.43;156.43,149.05;153.56,157.65;153.56,167.68;147.83,170.91;134.21,164.10;133.14,163.38;132.42,162.66" z_order="0">
    </polygon>
    <polygon label="weed" source="manual" occluded="0" points="107.34,74.88;113.07,83.12;109.49,88.85;103.04,82.40" z_order="0">
    </polygon>
    <polygon label="weed" source="manual" occluded="0" points="138.87,72.37;157.50,78.10;158.22,83.12;152.49,87.78;148.90,90.28;141.38,91.72;139.59,92.08" z_order="0">
    </polygon>
    <polygon label="weed" source="manual" occluded="0" points="187.60,14.68;193.34,14.68;193.70,25.10;189.75,28.65" z_order="0">
    </polygon>
    <polygon label="weed" source="manual" occluded="0" points="142.46,2.85;165.39,2.85;163.95,7.15;146.40,11.45" z_order="0">
    </polygon>
    <polygon label="weed" source="manual" occluded="0" points="156.79,18.62;163.95,20.41;161.80,27.58;158.22,30.80" z_order="0">
    </polygon>
    <polygon label="weed" source="manual" occluded="0" points="146.75,122.89;153.92,130.42;153.92,133.28;151.05,132.92;148.19,131.85;139.59,131.13" z_order="0">
    </polygon>
    <polygon label="crop" source="manual" occluded="0" points="201.22,4.29;254.25,4.65;253.89,71.29;248.52,141.16;250.67,190.97;251.74,217.13;246.37,242.21;236.33,246.51;219.85,246.15;214.12,247.59;210.54,136.15;192.26,128.27;193.69,96.73;189.40,62.70" z_order="0">
    </polygon>
    <polygon label="crop" source="manual" occluded="0" points="73.66,88.13;122.75,102.11;127.05,137.58;126.33,179.86;134.21,196.70;131.71,223.22;116.30,233.25;104.83,235.04;81.90,232.18;69.72,230.03;58.97,211.40;45.35,177.35;42.84,140.45;39.98,106.05" z_order="0">
    </polygon>
    <polygon label="crop" source="manual" occluded="0" points="156.79,192.40;177.21,201.36;185.81,228.95;181.87,247.94;169.69,246.51;155.35,228.24" z_order="0">
    </polygon>
    <polygon label="crop" source="manual" occluded="0" points="44.99,32.24;80.82,50.51;96.59,55.89;93.01,67.35;77.96,72.37;59.68,76.67;56.10,70.93;38.90,54.45;24.21,54.09" z_order="0">
    </polygon>
    <polygon label="crop" source="manual" occluded="0" points="158.22,126.83;183.30,134.36;172.91,148.33;166.82,166.96;162.52,163.38" z_order="0">
    </polygon>
  </image>
  <image id="7" name="tile_768_4864.tif" width="256" height="256">
    <mask label="weed" source="semi-auto" occluded="0" rle="15, 2, 29, 6, 24, 10, 22, 12, 20, 14, 17, 16, 15, 19, 13, 21, 12, 22, 11, 23, 9, 24, 9, 25, 7, 26, 7, 27, 6, 28, 5, 28, 5, 28, 5, 28, 5, 28, 4, 29, 4, 29, 4, 30, 3, 31, 2, 32, 1, 362, 1, 726, 1, 31, 2, 31, 3, 30, 6, 27, 10, 23, 13, 19, 15, 18, 15, 18, 17, 16, 17, 16, 17, 16, 18, 15, 18, 15, 18, 14, 19, 14, 3" left="42" top="184" width="33" height="72" z_order="0">
    </mask>
    <mask label="weed" source="semi-auto" occluded="0" rle="5, 3, 14, 7, 12, 9, 11, 9, 11, 10, 10, 11, 9, 12, 7, 13, 8, 13, 7, 13, 7, 14, 6, 14, 6, 14, 6, 14, 6, 14, 5, 16, 4, 16, 4, 16, 4, 16, 4, 17, 4, 16, 4, 16, 4, 16, 4, 16, 4, 17, 4, 17, 3, 18, 3, 17, 3, 17, 3, 17, 4, 16, 7, 13, 10, 10, 11, 4, 5" left="135" top="45" width="20" height="34" z_order="0">
    </mask>
    <mask label="weed" source="semi-auto" occluded="0" rle="5, 3, 32, 5, 30, 7, 28, 11, 24, 12, 23, 13, 22, 15, 20, 17, 19, 17, 20, 15, 20, 14, 20, 15, 20, 13, 23, 11, 25, 3, 2, 1, 1, 2, 160, 1, 32, 5, 7, 2, 21, 1, 1, 2, 8, 2, 21, 1, 1, 1, 8, 5, 21, 1, 7, 8, 19, 1, 1, 1, 4, 10, 24, 13, 21, 14, 19, 17, 17, 18, 16, 20, 13, 23, 12, 24, 10, 26, 9, 26, 9, 27, 8, 27, 8, 28, 7, 29, 6, 29, 6, 29, 6, 30, 5, 30, 5, 30, 5, 30, 5, 30, 5, 30, 5, 31, 4, 32, 3, 33, 2, 33, 1, 34, 2, 33, 2, 33, 2, 33, 2, 33, 2, 33, 2, 33, 2, 33, 2, 33, 2, 33, 2, 33, 2, 33, 1, 34, 1, 209, 1, 209, 2, 33, 2, 33, 2, 33, 2, 33, 2, 33, 2, 33, 2, 33, 2, 33, 2, 32, 3, 32, 4, 31, 4, 31, 5, 30, 4, 31, 6, 5, 1, 23, 7, 3, 1, 2, 1, 20, 15, 20, 17, 18, 18, 17, 18, 17, 19, 16, 3" left="41" top="160" width="35" height="96" z_order="0">
    </mask>
    <polygon label="weed" source="manual" occluded="0" points="0.00,4.82;16.99,4.44;18.28,74.53;17.85,150.63;22.15,233.62;9.68,249.96;0.65,252.11;0.00,189.41" z_order="0">
    </polygon>
    <polygon label="weed" source="manual" occluded="0" points="37.63,21.21;54.40,17.34;55.69,30.67;51.82,36.69;44.51,35.83" z_order="0">
    </polygon>
    <polygon label="weed" source="manual" occluded="0" points="215.65,147.19;226.82,148.91;224.67,153.64;219.94,154.93" z_order="0">
    </polygon>
    <polygon label="weed" source="manual" occluded="0" points="19.57,28.95;37.63,33.25;42.79,72.38;34.19,102.47;36.77,124.40;27.31,125.26;21.72,126.12" z_order="0">
    </polygon>
    <polygon label="crop" source="manual" occluded="0" points="156.31,3.15;254.77,2.29;256.00,55.44;256.00,58.43;247.03,92.58;244.45,135.15;235.85,142.03;221.66,136.01;199.31,135.58;168.78,138.16" z_order="0">
    </polygon>
    <polygon label="crop" source="manual" occluded="0" points="164.91,142.46;203.61,144.61;217.37,169.12;252.20,168.70;244.02,186.32;252.60,246.50;231.60,251.70;220.80,246.95;192.43,249.10;182.97,249.10;163.19,252.97;145.99,251.68;136.10,250.39" z_order="0">
    </polygon>
    <polygon label="crop" source="manual" occluded="0" points="78.91,5.73;127.93,12.18;124.92,68.94;133.09,117.52;130.51,169.12;129.65,221.58;119.76,239.21;104.71,240.07;100.41,234.48;94.82,126.12;78.48,100.32;71.17,92.15" z_order="0">
    </polygon>
    <polygon label="crop" source="manual" occluded="0" points="249.18,88.71;256.00,114.62;256.00,130.95;251.76,153.64;249.61,163.96;239.29,167.40" z_order="0">
    </polygon>
    <polygon label="crop" source="manual" occluded="0" points="84.07,241.36;124.92,242.65;127.50,252.97;102.99,251.68;84.93,250.82" z_order="0">
    </polygon>
    <polygon label="crop" source="manual" occluded="0" points="152.87,90.43;164.05,132.57;158.89,152.35;150.29,177.29;140.40,187.61" z_order="0">
    </polygon>
  </image>
  <image id="8" name="tile_8960_9728.tif" width="256" height="256">
    <mask label="weed" source="semi-auto" occluded="0" rle="111, 1, 1, 1, 1, 5, 251, 2, 1, 4, 249, 1, 3, 3, 245, 5, 1, 1, 1, 1, 245, 1, 1, 7, 1, 1, 243, 1, 3, 3, 1, 1, 21, 1, 61, 3, 1, 3, 157, 3, 1, 3, 1, 1, 20, 2, 59, 1, 1, 3, 1, 7, 149, 5, 3, 1, 87, 1, 3, 1, 3, 1, 149, 4, 1, 1, 249, 4, 99, 1, 152, 2, 359, 1, 1, 1, 1, 1, 1, 1, 249, 1, 121, 5, 129, 1, 1, 1, 1, 1, 113, 19, 118, 2, 115, 28, 110, 3, 1, 1, 1, 1, 106, 34, 110, 2, 1, 1, 61, 1, 7, 1, 3, 1, 1, 1, 30, 35, 170, 19, 1, 1, 1, 1, 1, 1, 1, 1, 1, 1, 22, 36, 167, 21, 3, 1, 1, 1, 1, 5, 19, 49, 97, 3, 1, 1, 50, 23, 4, 12, 15, 51, 97, 2, 51, 23, 4, 14, 14, 54, 78, 14, 1, 1, 1, 1, 50, 25, 1, 16, 13, 55, 76, 25, 3, 1, 1, 1, 39, 42, 1, 1, 12, 54, 5, 1, 72, 30, 38, 45, 9, 73, 1, 1, 59, 33, 35, 46, 7, 85, 49, 35, 34, 46, 7, 90, 44, 37, 32, 47, 5, 58, 1, 1, 1, 31, 43, 37, 32, 110, 2, 32, 42, 38, 32, 108, 1, 35, 42, 38, 32, 108, 1, 35, 41, 39, 32, 12, 4, 2, 3, 6, 2, 5, 1, 109, 40, 40, 32, 11, 11, 3, 4, 4, 2, 110, 39, 39, 33, 6, 1, 1, 1, 1, 1, 1, 9, 1, 7, 3, 3, 110, 38, 39, 35, 7, 2, 2, 2, 1, 1, 6, 6, 3, 4, 111, 36, 40, 50, 1, 7, 8, 1, 113, 34, 40, 41, 1, 9, 1, 8, 122, 32, 42, 39, 1, 23, 119, 32, 40, 63, 1, 1, 119, 32, 40, 62, 122, 32, 36, 1, 1, 64, 122, 32, 38, 67, 119, 32, 34, 1, 1, 1, 1, 65, 123, 31, 33, 40, 4, 25, 123, 31, 31, 1, 1, 43, 1, 25, 125, 29, 33, 44, 2, 23, 125, 28, 18, 3, 11, 1, 1, 44, 4, 3, 1, 16, 126, 1, 1, 26, 19, 1, 14, 44, 3, 1, 2, 18, 122, 1, 1, 30, 20, 1, 7, 1, 3, 46, 6, 18, 126, 1, 1, 26, 32, 47, 2, 1, 1, 18, 127, 28, 16, 1, 3, 1, 1, 1, 1, 1, 1, 1, 1, 1, 3, 48, 1, 1, 1, 17, 128, 1, 1, 26, 16, 1, 1, 1, 1, 8, 4, 46, 2, 19, 131, 26, 16, 2, 2, 1, 3, 1, 1, 1, 1, 1, 1, 1, 1, 46, 2, 17, 135, 1, 3, 20, 16, 2, 6, 1, 1, 1, 1, 1, 3, 63, 147, 14, 16, 9, 1, 3, 1, 1, 1, 54, 1, 1, 1, 6, 147, 13, 24, 5, 4, 54, 3, 5, 150, 10, 25, 2, 1, 1, 5, 54, 158, 10, 36, 52, 160, 7, 37, 7, 5, 40, 160, 7, 38, 5, 8, 38, 160, 6, 52, 32, 1, 1, 165, 4, 55, 33, 13, 1, 103, 5, 103, 26, 122, 6, 104, 25, 15, 4, 3, 1, 100, 6, 104, 22, 16, 4, 103, 7, 107, 19, 14, 1, 1, 8, 99, 10, 107, 16, 14, 1, 1, 9, 1, 1, 96, 11, 107, 15, 10, 19, 94, 12, 103, 1, 1, 1, 1, 1, 1, 12, 10, 23, 91, 12, 112, 8, 6, 1, 2, 26, 90, 12, 113, 1, 1, 1, 1, 1, 7, 31, 1, 1, 85, 13, 117, 1, 4, 2, 1, 39, 80, 4, 1, 1, 3, 3, 119, 1, 1, 44, 79, 7, 1, 3, 120, 47, 43, 3, 13, 6, 12, 11, 47, 1, 73, 49, 39, 5, 11, 9, 1, 1, 11, 9, 47, 1, 71, 52, 37, 6, 10, 18, 11, 1, 119, 55, 23, 3, 1, 7, 1, 7, 10, 18, 131, 56, 22, 3, 1, 15, 1, 1, 7, 21, 127, 1, 1, 57, 21, 26, 1, 23, 128, 58, 20, 51, 127, 59, 15, 56, 125, 60, 3, 1, 3, 2, 1, 62, 125, 131, 123, 134, 124, 1, 1, 1, 1, 128, 128, 130, 126, 130, 126, 131, 125, 131, 125, 131, 125, 132, 124, 132, 124, 132, 124, 132, 124, 133, 123, 134, 122, 134, 122, 136, 120, 136, 120, 139, 27, 7, 83, 140, 3, 1, 19, 11, 82, 141, 1, 1, 19, 14, 70, 1, 3, 1, 1, 1, 3, 143, 17, 18, 68, 2, 1, 2, 1, 2, 2, 141, 17, 22, 66, 1, 1, 1, 1, 1, 1, 1, 3, 141, 17, 24, 63, 3, 2, 1, 1, 2, 2, 140, 16, 29, 59, 3, 1, 1, 1, 1, 1, 1, 3, 140, 15, 32, 57, 3, 9, 140, 13, 50, 45, 1, 7, 140, 12, 55, 3, 3, 43, 140, 12, 64, 28, 1, 1, 1, 9, 140, 11, 67, 38, 139, 11, 72, 34, 138, 12, 72, 34, 135, 14, 74, 33, 135, 13, 76, 32, 133, 15, 77, 31, 134, 14, 77, 7, 3, 21, 133, 15, 79, 3, 8, 18, 134, 14, 91, 1, 3, 13, 135, 13, 97, 3, 1, 7, 140, 7, 107, 2, 75, 1, 1, 1, 1, 1, 1, 1, 173, 1, 328, 2, 1, 7, 243, 15, 240, 6, 1, 7, 1, 1, 3, 1, 109, 1, 126, 1, 1, 14, 242, 4, 1, 1, 1, 1, 1, 1, 1, 1, 1, 1, 242, 14, 243, 3, 1, 3, 1, 3, 1, 1, 113, 1, 1, 1, 126, 8, 1, 2, 246, 1, 1, 1, 1, 1, 1, 1, 1, 1, 246, 8, 1, 3, 247, 1, 1, 3, 1, 3, 250, 3, 1, 1, 254, 1, 253, 1, 1, 1, 255, 1, 1051, 1, 3, 1, 765, 1, 253, 1, 1, 1, 1, 1, 252, 1, 2298, 1, 255, 1, 255, 1, 256, 1, 151" left="0" top="89" width="256" height="159" z_order="0">
    </mask>
    <mask label="weed" source="semi-auto" occluded="0" rle="4, 7, 6, 12, 3, 13, 1, 14, 1, 14, 1, 14, 1, 14, 1, 58, 2, 12, 4, 10, 8, 1, 9" left="4" top="80" width="15" height="14" z_order="0">
    </mask>
    <mask label="weed" source="semi-auto" occluded="0" rle="24, 5, 4, 7, 32, 8, 2, 8, 31, 20, 29, 20, 30, 20, 29, 21, 28, 22, 27, 23, 25, 26, 10, 4, 7, 30, 8, 47, 3, 48, 2, 48, 2, 48, 2, 49, 1, 49, 2, 48, 2, 49, 3, 47, 6, 44, 6, 43, 8, 41, 9, 40, 11, 38, 13, 36, 16, 33, 20, 27, 27, 1, 9, 10, 42, 6, 14" left="26" top="18" width="50" height="29" z_order="0">
    </mask>
    <polygon label="weed" source="manual" occluded="0" points="178.61,211.75;208.47,212.35;208.47,219.22;195.63,227.28;181.30,241.02;193.24,248.78;193.54,253.56;179.80,248.78;170.25,235.64" z_order="0">
    </polygon>
    <polygon label="weed" source="manual" occluded="0" points="31.07,69.83;62.72,67.44;80.64,66.84;74.07,75.21;62.13,79.09;33.46,79.98" z_order="0">
    </polygon>
    <polygon label="weed" source="manual" occluded="0" points="201.87,55.20;212.62,58.78;209.34,66.55;203.07,69.53;195.60,64.46" z_order="0">
    </polygon>
    <polygon label="weed" source="manual" occluded="0" points="100.05,229.88;110.80,224.80;111.69,231.37;112.29,239.43;105.42,240.63" z_order="0">
    </polygon>
    <polygon label="weed" source="manual" occluded="0" points="104.33,85.16;131.56,91.97;139.09,99.85;131.56,105.23;118.66,106.30;102.18,99.13;98.60,96.27" z_order="0">
    </polygon>
    <polygon label="weed" source="manual" occluded="0" points="237.27,118.48;250.88,119.20;256.00,124.32;256.00,132.02;253.75,136.04;249.45,138.19;241.92,134.25" z_order="0">
    </polygon>
    <polygon label="weed" source="manual" occluded="0" points="138.66,90.14;163.38,92.65;162.66,101.25;153.71,109.13;142.60,105.55;139.73,105.19" z_order="0">
    </polygon>
    <polygon label="crop" source="manual" occluded="0" points="1.51,172.25;38.10,171.74;49.45,189.80;91.76,177.93;98.00,196.00;58.74,207.85;43.26,214.05;27.78,217.14;58.20,215.10;68.02,240.88;48.42,252.74;31.91,252.74;10.75,250.68;5.59,246.04" z_order="0">
    </polygon>
    <polygon label="crop" source="manual" occluded="0" points="87.63,10.75;163.48,8.17;225.91,7.14;231.59,31.39;224.88,40.16;204.76,38.61;178.96,46.87;159.92,52.03;128.91,55.64;104.14,54.09;95.89,52.55;80.41,52.03" z_order="0">
    </polygon>
    <polygon label="crop" source="manual" occluded="0" points="220.75,216.63;247.07,222.30;237.27,239.85;236.23,249.65;212.50,255.32;201.66,238.81" z_order="0">
    </polygon>
    <polygon label="crop" source="manual" occluded="0" points="4.56,3.53;23.13,26.23;27.26,56.16;16.94,66.48;7.19,68.54;1.52,65.44" z_order="0">
    </polygon>
  </image>
  <image id="9" name="tile_9216_9728.tif" width="256" height="256">
    <mask label="weed" source="semi-auto" occluded="0" rle="17, 1, 23, 11, 43, 5, 1, 1, 19, 14, 41, 6, 1, 1, 18, 16, 41, 3, 1, 3, 1, 1, 13, 20, 40, 3, 1, 1, 3, 1, 11, 23, 39, 1, 1, 1, 1, 1, 12, 30, 37, 1, 1, 1, 1, 1, 1, 1, 3, 1, 3, 32, 34, 3, 1, 1, 1, 1, 1, 1, 5, 36, 33, 2, 1, 1, 1, 1, 1, 1, 3, 1, 1, 38, 32, 1, 1, 5, 3, 1, 2, 45, 7, 2, 15, 1, 1, 5, 2, 3, 1, 54, 14, 2, 1, 5, 2, 58, 15, 1, 1, 5, 1, 4, 1, 54, 15, 3, 2, 62, 15, 1, 1, 6, 1, 58, 15, 1, 1, 65, 16, 6, 1, 59, 15, 67, 15, 67, 15, 67, 14, 68, 8, 74, 5, 77, 4, 78, 3, 79, 1, 163, 1, 327, 1, 81, 2, 80, 4, 72, 1, 1, 1, 3, 5, 73, 10, 69, 14, 68, 17, 65, 18, 63, 22, 61, 22, 1, 1, 57, 37, 44, 40, 41, 42, 37, 46, 3, 1, 3, 1, 3, 1, 13, 105, 1, 81, 1, 80, 2, 163, 1, 81, 1, 80, 2, 163, 1, 3748, 1, 81, 1, 403, 2, 355, 1, 81, 1, 163, 1, 81, 1, 81, 1, 245, 1, 81, 1, 163, 1" left="174" top="131" width="82" height="121" z_order="0">
    </mask>
    <mask label="weed" source="semi-auto" occluded="0" rle="27, 2, 53, 8, 47, 11, 46, 18, 38, 20, 37, 21, 33, 24, 32, 26, 30, 27, 30, 27, 30, 27, 29, 29, 28, 29, 12, 46, 11, 47, 11, 50, 8, 52, 5, 53, 4, 53, 4, 53, 5, 53, 6, 52, 7, 50, 9, 47, 12, 44, 14, 21, 10, 10, 16, 1, 2, 11, 21, 5, 20, 2, 1, 7, 50, 1, 2, 2, 55, 2, 34" left="61" top="156" width="57" height="30" z_order="0">
    </mask>
    <mask label="weed" source="semi-auto" occluded="0" rle="7, 4, 32, 6, 31, 8, 28, 11, 24, 19, 18, 21, 15, 24, 3, 1, 8, 27, 1, 1, 7, 30, 1, 1, 5, 30, 7, 31, 2, 1, 3, 32, 1, 1, 3, 34, 1, 1, 2, 31, 6, 31, 1, 1, 4, 35, 2, 33, 1, 2" left="219" top="239" width="37" height="17" z_order="0">
    </mask>
    <mask label="weed" source="semi-auto" occluded="0" rle="7, 7, 20, 7, 1, 2, 20, 2, 2, 1, 4, 2, 17, 8, 2, 3, 17, 5, 1, 2, 2, 4, 15, 9, 2, 3, 17, 5, 1, 2, 1, 3, 16, 7, 4, 3, 8, 4, 4, 6, 3, 5, 2, 11, 5, 26, 4, 26, 10, 21, 6, 1, 2, 21, 6, 1, 2, 21, 5, 2, 1, 22, 9, 22, 8, 21, 8, 22, 8, 22, 9, 20, 10, 19, 11, 18, 12, 18, 13, 16, 14, 16, 15, 14, 16, 13, 18, 12, 18, 11, 19, 11, 19, 10, 23, 6, 27, 2, 262, 1, 29, 1, 28, 2, 29, 1, 28, 2, 28, 2, 1, 1, 16" left="210" top="205" width="30" height="47" z_order="0">
    </mask>
    <mask label="weed" source="semi-auto" occluded="0" rle="21, 11, 76, 16, 72, 22, 69, 23, 37, 9, 21, 25, 32, 15, 18, 26, 31, 17, 13, 1, 1, 29, 27, 21, 6, 38, 20, 27, 5, 43, 14, 30, 4, 88, 3, 89, 1, 90, 2, 181" left="0" top="242" width="91" height="14" z_order="0">
    </mask>
    <mask label="weed" source="semi-auto" occluded="0" rle="0, 2, 8, 6, 4, 6, 4, 6, 4, 7, 3, 8, 2, 9, 1, 59, 1, 8, 2" left="0" top="197" width="10" height="14" z_order="0">
    </mask>
    <polygon label="weed" source="manual" occluded="0" points="67.10,106.05;97.20,109.63;116.91,113.93;124.07,109.63;124.07,120.38;116.91,126.83;109.38,132.57;98.27,131.85;80.00,132.60;67.82,127.19;61.37,130.77;59.93,135.43;53.48,138.66;44.17,139.01;9.10,148.00;0.50,131.80;4.75,117.52" z_order="0">
    </polygon>
    <polygon label="weed" source="manual" occluded="0" points="135.18,98.53;150.95,105.69;166.00,131.85;163.13,139.01;156.68,144.03;141.99,133.64;124.79,127.91" z_order="0">
    </polygon>
    <polygon label="weed" source="manual" occluded="0" points="26.97,199.93;44.88,199.93;44.17,203.51;42.38,207.10;37.00,211.04;31.99,211.40;28.40,208.53" z_order="0">
    </polygon>
    <polygon label="weed" source="manual" occluded="0" points="13.71,62.69;41.66,65.20;39.87,75.59;35.93,78.46;25.18,77.74;13.35,79.53;10.13,78.46;5.11,74.16" z_order="0">
    </polygon>
    <polygon label="weed" source="manual" occluded="0" points="179.97,117.52;195.74,116.44;199.68,120.74;200.04,130.06;190.36,130.42;183.91,130.42;181.40,130.42" z_order="0">
    </polygon>
    <polygon label="weed" source="manual" occluded="0" points="115.83,127.91;125.15,137.58;121.21,144.39;109.38,139.37" z_order="0">
    </polygon>
    <polygon label="weed" source="manual" occluded="0" points="30.55,151.91;47.39,154.42;52.05,161.95;49.90,165.89;45.96,166.96;37.00,165.53;30.55,164.46;25.54,164.46" z_order="0">
    </polygon>
    <polygon label="weed" source="manual" occluded="0" points="1.43,178.15;21.21,181.59;22.07,190.19;18.63,192.34;13.04,191.91;4.44,186.75" z_order="0">
    </polygon>
    <polygon label="crop" source="manual" occluded="0" points="7.02,4.44;234.91,3.15;240.50,11.75;229.32,27.66;222.44,49.16;229.75,59.91;241.36,71.52;229.32,79.25;215.99,79.68;196.64,79.25;166.54,74.10;146.33,71.09;118.38,67.22;95.16,65.50;80.11,64.21;59.05,60.34;47.01,57.33;36.69,54.32;26.37,50.88;14.76,46.15;6.59,37.55;5.73,37.12" z_order="0">
    </polygon>
    <polygon label="crop" source="manual" occluded="0" points="124.40,217.71;170.84,217.28;192.34,222.01;203.95,225.88;199.22,238.35;195.35,246.09;173.42,251.25;165.25,250.39;148.91,240.07;134.72,235.77" z_order="0">
    </polygon>
    <polygon label="crop" source="manual" occluded="0" points="46.58,204.81;61.63,193.63;71.52,204.38;94.30,239.60;61.60,244.40;49.20,246.50;38.00,238.80;24.60,230.60" z_order="0">
    </polygon>
    <polygon label="crop" source="manual" occluded="0" points="127.41,177.72;177.72,182.88;171.27,197.93;154.07,202.66;133.00,204.81;107.20,206.10;97.74,205.67" z_order="0">
    </polygon>
  </image>
</annotations>
